neighborhood,overallqual,grlivarea,garagearea,garagefinish,num_flrs,saleprice
25,6,1479,475.0,2,2,130500
10,7,2122,559.0,2,2,220000
21,5,1057,246.0,3,1,109000
2,5,1444,400.0,1,2,174000
10,6,1445,484.0,3,1,138500
21,6,1888,578.0,1,1,190000
23,6,1072,525.0,1,1,140000
21,5,1188,531.0,2,1,142000
18,5,924,420.0,3,1,112500
21,5,2080,504.0,3,2,135000
26,6,987,264.0,3,2,85400
16,7,1208,632.0,2,1,183600
10,5,2016,576.0,3,2,131000
8,8,1607,480.0,3,2,200000
16,7,1361,610.0,2,1,193000
27,5,1430,624.0,2,1,173500
18,5,1344,513.0,3,2,98000
25,5,1121,480.0,3,1,139000
25,6,1285,528.0,2,1,143500
8,7,1547,614.0,3,2,215200
25,5,894,450.0,1,1,129000
3,8,1659,499.0,1,1,278000
5,8,2253,575.0,1,2,344133
15,6,1187,420.0,1,1,185000
15,5,1056,572.0,1,1,145000
21,6,1453,530.0,2,1,187500
25,5,894,336.0,3,1,138500
4,5,1938,240.0,3,1,198000
21,5,924,576.0,3,1,122900
11,8,2524,542.0,1,1,278000
4,8,1517,400.0,3,2,230000
1,8,1494,481.0,1,1,270000
21,6,948,410.0,3,1,125000
16,8,1718,826.0,2,1,297000
21,6,1142,384.0,2,1,113500
28,5,1475,336.0,2,2,127000
11,6,1844,546.0,2,1,190000
11,7,1242,528.0,3,1,175500
16,5,990,384.0,3,1,146000
23,5,1256,276.0,1,1,147500
5,10,2076,850.0,1,1,465000
27,5,1110,602.0,1,1,165500
18,5,1795,352.0,3,1,131500
25,5,1040,384.0,3,1,129500
4,8,1873,786.0,1,2,257076
23,5,1604,660.0,3,1,117000
4,7,1502,270.0,2,2,149000
21,5,1063,280.0,2,1,128000
5,7,1626,474.0,2,2,155000
8,6,1524,440.0,3,2,166000
24,4,1981,576.0,3,1,135000
11,7,2784,564.0,2,2,250000
21,6,1575,400.0,3,1,155000
25,6,1352,299.0,1,2,158000
8,7,1200,480.0,2,2,149500
21,5,936,240.0,3,1,121000
21,6,1040,293.0,1,1,136000
15,6,1636,386.0,1,2,173000
6,8,2270,671.0,1,2,290000
8,8,2610,550.0,1,2,303477
19,7,1483,690.0,2,1,270000
18,5,1740,225.0,3,1,122250
21,5,1382,350.0,3,1,153000
4,7,1098,216.0,3,2,148500
23,7,1708,380.0,3,2,130000
5,9,1802,843.0,1,1,372000
13,7,1506,440.0,1,1,213490
23,7,1508,572.0,2,1,308030
27,7,2032,786.0,1,1,300000
21,6,1194,539.0,1,1,159500
23,7,1709,380.0,3,2,137500
8,7,1616,834.0,2,1,232000
22,6,768,440.0,3,1,93850
25,5,872,322.0,3,1,105000
17,4,520,240.0,3,1,68500
21,5,2274,480.0,3,2,154300
18,5,1232,480.0,3,2,114000
3,9,2234,1166.0,1,1,501837
18,5,1416,720.0,3,1,153900
21,4,864,576.0,3,1,130000
27,6,1189,392.0,2,1,160500
5,9,1666,575.0,2,1,310090
10,7,1200,555.0,2,1,184900
21,5,928,252.0,3,1,132000
11,5,1336,502.0,2,1,163000
8,7,1200,480.0,2,2,155000
11,6,1427,516.0,2,1,183000
16,7,1992,608.0,2,2,211000
10,7,1540,495.0,2,2,184000
10,5,1535,400.0,3,1,118858
21,5,1152,484.0,2,1,180500
8,8,1151,484.0,1,1,166000
25,6,1138,480.0,2,1,148000
21,5,1074,396.0,3,1,124000
5,9,1561,556.0,1,1,277500
6,8,2726,725.0,2,2,350000
3,9,1884,670.0,1,1,387000
1,8,1671,550.0,2,1,290000
27,6,1961,560.0,1,2,215000
11,5,1193,501.0,1,1,146500
8,7,1382,490.0,3,2,165000
18,6,2526,216.0,3,1,136000
21,6,1390,550.0,3,1,252000
5,7,1626,474.0,2,2,175500
18,5,1558,400.0,3,2,150000
21,5,1422,286.0,2,1,139900
17,5,1573,360.0,3,1,162900
21,6,1116,440.0,3,1,160000
11,6,1707,479.0,1,1,184000
23,5,1466,528.0,1,1,149900
8,9,1638,495.0,1,1,300000
19,5,1721,626.0,3,1,145000
16,6,1764,470.0,2,2,231500
21,5,1202,304.0,2,1,120000
25,5,988,572.0,3,1,128500
18,5,1028,360.0,3,1,115000
18,5,1284,240.0,3,1,110000
1,9,2944,864.0,2,2,150000
15,8,1414,403.0,1,2,178000
4,7,1609,579.0,3,2,199500
15,6,1525,400.0,1,2,183500
22,5,1656,288.0,3,1,126000
12,7,1055,440.0,3,1,148500
18,5,1352,720.0,3,2,149000
12,6,1456,440.0,3,2,137900
1,8,1719,473.0,1,1,324000
26,6,987,264.0,3,2,103400
5,8,1554,627.0,2,1,209500
3,10,3390,758.0,1,2,545224
15,4,864,400.0,3,1,141000
15,6,1889,431.0,1,2,215000
25,5,1040,260.0,3,1,127000
23,5,1172,366.0,1,1,128000
8,8,1418,852.0,2,1,267916
17,6,1367,560.0,3,1,127500
23,7,1922,672.0,2,1,198500
11,6,1422,576.0,1,1,175500
16,7,1842,486.0,1,2,217500
18,4,1962,572.0,3,1,149500
21,5,1120,656.0,2,1,148800
3,9,2868,716.0,1,2,556581
21,6,1478,442.0,2,1,156500
16,7,1995,610.0,2,2,237000
21,5,912,297.0,1,1,120000
15,6,1326,388.0,1,1,203000
3,8,1204,461.0,2,1,130000
21,6,1611,442.0,2,2,167900
17,4,960,576.0,3,1,129000
21,5,1236,447.0,3,1,134450
25,5,1416,576.0,3,1,112000
10,7,1873,619.0,2,2,207000
5,7,1626,474.0,2,2,154000
21,5,816,308.0,3,1,129900
28,5,1112,336.0,3,2,85000
18,7,1111,288.0,3,1,116900
12,6,1441,440.0,3,2,148500
23,4,924,280.0,3,1,80000
25,5,1126,506.0,3,1,152000
23,5,992,319.0,3,1,155891
17,6,1376,576.0,3,1,165000
8,7,1218,676.0,2,1,204500
21,5,1644,312.0,3,2,146500
11,7,1601,478.0,2,1,157000
18,7,2495,342.0,3,2,184000
15,6,1509,393.0,1,2,183200
25,5,1092,288.0,3,1,139000
6,7,2418,983.0,2,2,341000
26,6,987,264.0,3,2,96000
23,4,1121,440.0,2,1,140000
18,6,1236,923.0,3,1,149700
11,5,1074,495.0,2,1,153500
22,1,733,487.0,3,1,13100
16,7,1768,543.0,2,2,224900
8,7,1266,453.0,3,1,176000
6,8,2872,541.0,1,1,285000
8,8,1464,754.0,3,1,282922
21,7,2157,487.0,1,2,226000
3,8,2576,666.0,1,2,361919
3,9,2798,670.0,1,2,457347
19,8,1743,529.0,1,1,279000
27,6,1567,714.0,2,1,196000
11,7,1370,479.0,2,1,152000
21,5,2634,968.0,3,2,200000
16,8,1590,754.0,1,1,294900
10,7,1450,788.0,2,1,224243
23,6,1338,528.0,3,1,92000
15,7,1456,400.0,1,2,179540
5,10,2392,968.0,1,1,386250
28,4,992,297.0,1,1,106500
8,10,2007,812.0,1,2,310000
6,7,2385,600.0,1,2,252000
4,7,1646,240.0,3,2,164000
15,7,1456,400.0,1,2,177594
17,5,1040,624.0,1,1,123900
4,6,2624,864.0,3,2,239000
27,5,1264,528.0,3,1,169000
13,7,1557,420.0,1,1,234000
27,6,1287,541.0,2,1,173000
21,6,1004,480.0,1,1,149000
10,7,1162,483.0,1,1,170000
8,7,1436,529.0,1,1,225000
25,5,960,300.0,1,1,144900
23,5,1196,336.0,2,1,144000
13,8,1269,430.0,1,1,192000
21,5,1031,230.0,3,1,145500
18,4,720,280.0,3,1,86900
21,6,1505,505.0,2,1,149500
4,5,954,240.0,3,1,119750
16,6,1500,564.0,2,2,173900
21,5,1050,368.0,3,1,136500
3,8,2687,618.0,1,2,270000
19,6,1252,564.0,2,1,235000
15,7,1430,400.0,2,1,156000
10,5,1114,576.0,3,1,153000
27,6,1224,402.0,1,1,165000
3,9,2504,656.0,1,2,325000
4,5,1355,528.0,3,1,140000
22,6,2294,658.0,3,1,202500
5,9,1702,1052.0,1,1,367294
2,6,1509,600.0,2,1,175000
4,7,1717,642.0,3,2,140000
2,7,1240,528.0,3,1,174000
15,7,1166,400.0,1,1,190000
21,6,1652,510.0,2,1,200000
21,6,2142,509.0,1,2,193500
21,6,1092,504.0,2,1,145000
4,7,1671,451.0,3,1,218000
23,5,1488,569.0,2,1,135000
21,5,1624,240.0,2,1,146500
5,6,1362,460.0,2,1,194700
8,7,1218,462.0,1,1,230348
18,6,1068,288.0,3,1,109500
27,6,1625,576.0,1,1,242500
3,7,1767,504.0,2,2,239000
21,6,1050,286.0,2,1,156000
21,4,907,352.0,3,1,109008
22,2,845,256.0,3,1,68104
6,8,2501,751.0,2,2,290000
21,5,1209,504.0,2,1,159000
17,4,906,231.0,3,2,87000
16,8,1601,670.0,2,1,272000
16,7,1336,502.0,3,1,198000
18,4,1656,440.0,3,1,119164
15,7,1892,431.0,2,2,226750
18,3,1699,420.0,3,2,95000
17,6,1416,312.0,3,1,139900
18,4,672,308.0,3,1,86900
27,5,1160,257.0,3,1,152500
23,4,930,286.0,2,1,99000
10,6,1575,529.0,2,1,179200
25,5,1059,286.0,1,1,142500
25,4,1005,440.0,3,1,115400
8,7,1929,650.0,1,2,226000
8,7,1200,480.0,2,2,144152
5,8,2690,795.0,1,2,370000
27,5,833,495.0,3,1,149900
15,6,1456,429.0,2,2,172785
21,5,864,720.0,2,1,129000
11,6,1586,435.0,3,1,181000
21,5,1370,300.0,2,1,148000
13,7,1555,430.0,1,1,192500
9,6,1556,452.0,1,2,151000
16,5,882,461.0,3,1,112500
17,5,1167,495.0,3,1,144000
5,9,1800,944.0,2,1,370967
12,6,1456,440.0,3,2,149900
16,7,1660,493.0,2,2,195000
15,7,1482,392.0,1,1,163900
19,6,1522,552.0,1,1,182000
2,9,2036,780.0,1,1,410000
27,5,1595,672.0,3,1,152000
10,7,1686,462.0,1,2,184000
27,7,1344,784.0,1,1,206300
27,5,1652,928.0,3,1,146500
21,4,1337,263.0,3,1,108000
11,7,1920,487.0,2,1,170000
16,6,848,420.0,2,1,145000
12,7,1055,440.0,2,1,123000
19,6,1291,431.0,3,1,173000
18,6,720,484.0,3,1,105900
28,4,988,297.0,3,1,91000
4,5,1523,295.0,3,1,158000
16,7,1728,572.0,2,2,190000
1,8,1239,477.0,1,1,217500
22,5,1955,356.0,1,1,165500
4,7,1564,234.0,3,2,174500
23,4,1204,312.0,3,1,100000
21,6,1329,312.0,3,1,172000
16,5,879,440.0,3,1,120000
10,4,841,294.0,3,1,82000
21,6,1312,649.0,3,1,127000
18,6,2058,396.0,3,2,129500
3,8,1360,565.0,2,1,187500
16,8,1786,715.0,2,1,300000
11,6,1993,495.0,2,2,190000
23,4,1362,280.0,3,1,96000
8,7,1550,438.0,1,2,241000
25,5,1696,349.0,2,1,143900
28,4,1092,286.0,3,2,87550
5,9,1752,576.0,2,1,319900
3,9,2473,675.0,1,2,356383
16,9,1800,702.0,1,1,239000
6,7,2197,783.0,1,2,287500
18,5,1382,660.0,3,1,128500
15,7,1733,433.0,1,2,185088
8,7,1402,625.0,2,1,229800
27,5,887,288.0,2,1,124500
21,5,1051,504.0,2,1,142000
24,6,1510,216.0,3,2,149000
11,5,1656,506.0,3,1,135000
12,6,958,440.0,2,1,128000
6,8,3228,546.0,2,1,430000
25,5,1040,686.0,1,1,145000
4,5,1250,552.0,3,1,139000
11,6,1868,477.0,1,1,178000
5,10,2790,1150.0,1,2,460000
17,6,2134,441.0,3,2,214500
15,7,2060,390.0,2,2,214000
18,6,1378,162.0,3,1,128900
27,4,1622,1356.0,1,1,168000
8,8,1880,880.0,1,2,310013
3,8,1088,461.0,2,1,170000
21,5,1040,286.0,2,1,133700
4,6,1502,180.0,3,2,165000
26,6,987,264.0,3,2,89500
21,6,1095,264.0,2,1,140000
23,7,1709,380.0,3,2,134000
10,6,1731,462.0,2,2,248500
25,4,960,364.0,3,1,145000
11,6,1552,434.0,2,2,179900
8,8,1795,895.0,2,1,147000
27,5,1274,576.0,3,2,136000
17,6,1196,576.0,3,1,128000
25,4,704,220.0,3,1,88750
21,5,972,305.0,3,1,122500
21,6,1458,330.0,3,1,97500
21,6,1008,430.0,2,1,135000
5,9,1828,774.0,3,1,314813
17,6,1176,624.0,3,1,134900
23,5,1057,288.0,3,1,137000
6,8,2113,839.0,1,1,350000
21,5,1387,300.0,2,1,145000
5,9,2758,814.0,1,2,418000
18,3,840,250.0,3,1,64000
24,5,1520,281.0,3,1,159434
8,8,1542,852.0,3,1,260261
21,5,1385,720.0,3,1,166000
21,5,936,288.0,2,1,130000
24,5,1288,240.0,3,1,112000
21,5,1128,525.0,2,1,155000
2,8,1968,680.0,1,2,269500
21,6,1246,441.0,2,1,172000
4,7,1740,240.0,3,2,219500
25,5,925,484.0,3,1,133500
15,7,1430,400.0,2,1,170000
18,8,1566,288.0,3,2,150000
21,5,950,400.0,3,1,130000
21,5,1144,796.0,2,1,143000
21,5,1114,451.0,2,1,140000
21,7,2223,516.0,1,1,244000
22,5,1111,288.0,3,2,101000
18,5,960,624.0,3,1,125000
15,6,1633,460.0,1,2,183000
21,6,984,280.0,3,1,112500
11,6,1686,612.0,3,1,207500
16,7,1614,576.0,1,1,225000
16,5,864,297.0,3,1,119900
5,7,1740,874.0,2,1,293000
25,5,1721,440.0,2,1,180000
27,6,1034,888.0,3,1,169900
25,6,1902,539.0,3,1,112000
10,6,1097,480.0,3,1,152000
5,9,2206,670.0,1,2,300000
23,6,1117,672.0,3,1,107000
18,4,2290,560.0,3,2,122500
26,6,948,264.0,3,2,89000
24,6,919,231.0,3,1,95000
11,6,1152,412.0,2,1,143450
5,9,2334,751.0,1,2,376162
21,5,1264,461.0,3,1,167500
10,5,1224,528.0,3,1,153337
23,6,1369,300.0,3,2,103600
16,5,894,308.0,3,1,128200
8,6,1573,440.0,3,2,177500
5,8,2250,756.0,1,2,320000
15,6,1514,394.0,1,2,190000
18,5,1387,256.0,3,1,93000
22,4,1317,250.0,3,2,40000
22,4,952,330.0,2,1,50138
23,6,1113,504.0,2,1,148000
22,5,778,924.0,1,1,120500
24,6,1489,240.0,3,1,139500
23,9,1698,768.0,1,1,320000
25,7,2267,498.0,1,2,219000
27,5,902,484.0,3,1,131000
15,6,1495,440.0,2,2,171925
15,5,1384,404.0,3,1,177900
4,6,1436,228.0,3,2,141500
15,6,1636,440.0,1,2,191000
10,6,1158,576.0,3,1,158000
2,8,1646,870.0,2,1,248900
24,5,1768,240.0,3,1,175000
21,6,1565,299.0,2,1,185900
18,7,1768,320.0,3,2,163000
25,6,1096,484.0,3,1,157500
15,7,2312,658.0,1,2,245000
3,8,1337,462.0,2,1,180000
8,7,1102,480.0,3,2,148800
16,8,2031,577.0,2,2,237000
24,2,438,246.0,3,1,60000
23,5,1033,504.0,2,1,165000
16,7,2327,596.0,2,2,240000
15,7,1187,420.0,2,1,160000
24,6,1340,440.0,3,1,128000
21,6,1567,542.0,3,1,256000
18,7,1482,324.0,3,2,143000
2,7,1689,433.0,1,1,231713
15,5,1424,828.0,3,1,155000
27,5,816,264.0,3,1,128500
24,7,1424,312.0,3,1,168000
21,7,1479,484.0,1,2,184000
11,6,1442,615.0,2,1,185000
15,8,1936,504.0,2,2,230500
16,7,1939,555.0,2,2,227000
16,6,1476,540.0,1,2,173500
21,5,898,326.0,2,1,140000
8,8,1460,480.0,1,1,247000
25,6,1034,504.0,1,1,149900
16,5,1174,528.0,3,1,158000
8,7,1080,496.0,2,2,147110
22,6,1376,198.0,3,1,119500
4,5,1567,440.0,3,1,205000
3,8,1616,608.0,2,1,236500
24,5,1551,240.0,3,1,137000
21,5,960,330.0,2,1,122000
15,7,1302,436.0,1,1,176485
17,5,816,210.0,3,1,109000
14,7,1502,286.0,1,1,330000
18,6,1133,308.0,3,1,143000
6,9,3078,806.0,1,2,410000
10,6,1721,471.0,2,2,201000
18,4,1760,648.0,3,1,80000
4,6,2320,180.0,3,2,259500
2,7,2486,452.0,1,2,279900
21,5,1246,305.0,2,1,154000
19,6,2144,389.0,1,1,277000
23,5,1150,215.0,3,1,128000
5,8,1600,890.0,2,1,256300
4,4,1755,231.0,3,1,188000
2,8,1800,765.0,1,1,312500
8,7,1200,480.0,2,2,151000
26,5,1365,440.0,3,2,122500
10,6,1696,542.0,2,2,188000
16,7,1809,638.0,2,2,209700
3,8,2234,724.0,2,1,441929
10,6,1680,474.0,2,2,163000
19,6,2087,444.0,1,2,187500
16,8,1513,521.0,1,1,220000
21,5,1107,308.0,2,1,127000
21,5,827,392.0,3,1,107500
18,5,764,504.0,3,1,73000
5,9,1792,874.0,1,1,374000
5,8,2649,746.0,1,2,421250
15,6,1593,389.0,2,2,178000
23,4,1181,588.0,2,1,137500
6,8,1987,691.0,1,1,301500
24,6,1242,180.0,3,2,105000
21,6,976,504.0,2,1,157500
18,5,1214,216.0,3,1,117000
21,5,864,336.0,3,1,105000
24,6,1639,240.0,3,1,115000
5,9,1736,834.0,2,1,360000
10,5,1535,400.0,3,1,118858
11,6,1632,484.0,3,2,173000
18,3,725,320.0,3,1,78500
15,7,1720,440.0,1,2,183500
18,4,936,576.0,3,1,93000
13,8,1589,630.0,1,1,226500
15,6,1571,380.0,2,2,178000
16,7,1479,558.0,2,1,226000
27,5,1632,898.0,2,2,173000
25,5,864,360.0,3,1,62383
5,9,2713,858.0,1,2,446261
24,7,1479,312.0,3,2,160000
13,7,1576,668.0,2,1,219990
16,7,1479,577.0,2,1,191000
17,5,1060,308.0,3,1,136500
23,4,943,308.0,3,1,80000
11,7,2183,786.0,3,1,229000
10,7,1949,574.0,1,2,236000
2,10,1824,932.0,1,1,392000
22,6,1930,316.0,3,2,149000
8,10,2393,846.0,1,2,345000
18,5,2014,624.0,3,2,169000
23,4,1242,336.0,3,1,109900
27,7,2000,650.0,1,2,188000
17,6,1412,280.0,3,1,132500
16,5,990,440.0,2,1,143000
23,5,1342,256.0,3,1,125000
5,9,1868,1085.0,1,1,415000
18,4,1363,528.0,3,2,125500
21,6,1632,338.0,2,1,139000
5,10,2296,842.0,2,2,451950
2,8,1296,471.0,1,1,220000
21,6,1587,525.0,3,1,167300
23,5,1298,256.0,3,1,122000
25,5,1728,504.0,3,1,125000
18,5,928,288.0,1,1,112500
16,7,1795,578.0,2,2,191000
21,6,1080,288.0,3,1,136000
16,7,1779,546.0,2,2,197900
18,6,1635,255.0,3,1,117000
16,7,1220,632.0,2,1,194000
8,9,1310,545.0,2,1,285000
6,7,2295,590.0,2,2,268000
18,4,1798,342.0,3,2,137000
11,7,1620,578.0,3,1,215000
21,5,1216,336.0,2,1,129500
17,5,1344,240.0,3,1,115000
18,5,1159,288.0,3,1,114000
10,4,1056,384.0,3,1,107000
21,5,1216,336.0,3,1,118500
17,6,1158,208.0,2,1,120000
8,8,1538,484.0,2,1,260000
21,5,1143,308.0,2,1,136000
21,4,872,480.0,3,1,123000
15,6,1324,430.0,1,1,199500
25,5,904,408.0,3,1,109900
4,7,2080,282.0,3,2,234000
16,6,848,420.0,2,1,155900
19,4,1788,304.0,3,1,161500
2,6,1344,525.0,2,1,137500
19,6,2060,521.0,3,2,211000
21,6,1337,511.0,1,1,181000
21,6,1165,490.0,2,1,174900
25,5,1320,564.0,2,1,164500
5,7,1535,532.0,2,1,214000
11,7,2044,489.0,3,2,185000
17,4,1136,336.0,3,1,123000
27,6,1299,486.0,2,1,183500
8,8,1441,492.0,3,2,174000
23,5,1630,649.0,3,1,130000
18,7,1641,546.0,3,2,178000
15,5,1629,482.0,1,2,189900
16,6,848,420.0,1,1,144000
22,6,816,432.0,3,1,120500
16,5,1097,672.0,3,1,145000
3,8,1652,499.0,2,1,251000
22,2,810,280.0,3,1,57625
5,7,1358,484.0,2,1,212500
27,6,1216,402.0,3,1,164000
22,6,1638,384.0,3,1,139000
8,7,1252,462.0,3,2,160000
27,5,883,698.0,3,1,149000
27,5,874,288.0,2,1,130000
18,7,1710,480.0,3,2,140000
8,8,1836,517.0,1,1,264500
21,5,1092,299.0,1,1,141000
8,7,1241,569.0,1,1,199900
11,6,1334,630.0,2,1,167900
21,6,1429,572.0,3,1,181900
8,8,1566,750.0,2,1,262500
11,7,2288,520.0,2,2,230000
8,9,1709,506.0,1,1,328900
5,8,1721,554.0,2,1,232698
16,8,1254,810.0,2,1,221800
25,5,1350,627.0,3,1,152400
16,7,1630,451.0,3,1,213000
10,7,1585,449.0,2,2,184900
4,5,1336,375.0,3,1,157000
25,5,1211,576.0,3,1,144000
11,6,1353,478.0,2,1,192350
21,7,1200,440.0,2,1,163500
10,7,2329,514.0,3,2,262280
16,7,1536,532.0,2,1,214000
4,6,1811,470.0,1,1,230000
5,7,2172,947.0,2,2,280000
22,4,1073,720.0,3,1,140000
21,6,1839,442.0,3,2,155000
10,6,1802,1017.0,2,2,218000
16,5,1009,576.0,3,1,160000
8,8,1338,598.0,2,1,208900
23,5,3820,624.0,3,1,284700
8,7,1392,540.0,3,2,146000
1,8,1288,500.0,1,1,245500
17,6,1013,160.0,3,1,113000
5,8,1782,932.0,1,1,296000
3,9,1922,676.0,1,1,377426
5,10,1718,786.0,1,1,337500
5,10,2492,949.0,1,1,552000
23,4,936,265.0,3,1,97900
8,6,1218,676.0,1,1,208300
27,7,1820,816.0,3,2,213000
16,7,1724,527.0,1,2,188000
21,6,1336,488.0,2,1,162000
22,5,1558,282.0,3,1,152000
8,7,1947,678.0,2,2,254900
10,7,1657,483.0,2,2,189000
11,7,2064,550.0,1,1,235000
23,5,1164,240.0,3,1,125000
12,7,836,308.0,3,1,120000
27,1,1600,270.0,3,1,81500
8,9,1766,478.0,1,1,370878
4,5,2002,871.0,3,2,145000
4,7,1954,431.0,3,1,311500
13,7,1364,437.0,1,1,210250
16,7,1861,492.0,2,2,200000
27,5,1734,539.0,3,1,126000
18,4,1039,281.0,3,2,114000
18,4,1510,720.0,3,2,87500
3,8,2541,729.0,1,2,349265
10,8,1512,845.0,2,1,203000
10,7,1434,527.0,2,1,189000
8,7,1653,628.0,2,2,209000
18,6,2007,357.0,3,2,160000
25,5,1037,431.0,2,1,129000
27,5,1389,418.0,2,1,170000
4,5,694,352.0,3,1,90350
16,5,894,552.0,3,1,149900
21,5,864,576.0,3,1,123000
18,4,1774,779.0,3,2,87000
27,6,1118,358.0,1,1,171000
21,6,1252,288.0,3,1,119000
21,5,1148,672.0,3,1,132500
18,8,1666,228.0,3,2,161000
16,9,1947,725.0,1,2,274000
25,5,912,336.0,3,1,125000
6,8,1624,757.0,2,1,262000
16,5,914,444.0,3,1,134900
2,5,1328,308.0,2,1,170000
4,6,1461,225.0,3,2,135000
6,6,2683,473.0,2,2,290000
15,7,1258,462.0,2,1,173500
23,5,2008,230.0,3,2,225000
21,5,1187,440.0,2,1,140500
16,5,990,299.0,3,1,126000
8,8,1586,480.0,3,2,170000
16,5,990,576.0,3,1,156000
21,5,1600,319.0,2,1,207500
8,8,1792,590.0,1,2,255000
28,4,988,297.0,2,1,94900
21,5,1170,338.0,2,1,140000
18,3,1376,216.0,3,2,96900
21,5,1154,480.0,2,1,154000
18,8,1772,816.0,3,2,184900
5,10,2084,1220.0,1,1,385000
22,4,951,327.0,3,1,106500
6,8,2687,810.0,2,2,327000
8,9,2490,795.0,1,1,468000
22,6,1666,384.0,3,1,135000
10,6,1141,484.0,3,1,142500
21,5,1464,470.0,3,2,141000
24,5,1282,240.0,3,1,108500
10,6,1320,472.0,1,2,150000
8,8,1580,830.0,2,1,235128
19,7,1824,739.0,3,1,302000
16,5,1558,440.0,1,1,163000
23,3,640,240.0,3,1,84900
12,6,1322,440.0,3,2,147000
18,7,1826,164.0,3,2,155000
2,7,1339,484.0,1,1,180000
2,7,1146,438.0,1,1,187500
23,6,1125,352.0,3,1,125000
4,7,2057,180.0,1,1,250000
18,5,899,200.0,3,1,78000
5,8,1694,818.0,1,1,318000
10,8,1911,471.0,2,2,215000
11,6,1523,478.0,1,1,180000
2,6,1651,616.0,1,1,184000
21,5,1041,270.0,2,1,124500
21,5,1604,576.0,3,1,135000
17,6,1672,240.0,3,1,164900
11,7,1164,528.0,3,1,140000
21,5,1041,294.0,2,1,128000
25,6,1034,504.0,1,1,153000
18,6,1609,228.0,3,1,127500
21,5,1337,264.0,2,1,141500
6,8,2622,712.0,2,2,325000
11,7,1594,472.0,2,1,188500
8,6,1262,572.0,1,1,185000
18,6,1288,280.0,3,2,119000
26,5,1302,280.0,3,2,112000
8,8,1247,550.0,1,1,197000
5,9,2589,831.0,2,2,412083
27,8,1689,857.0,2,1,271000
5,7,1405,478.0,2,1,200000
11,7,1324,585.0,1,1,174000
21,5,1377,351.0,3,1,156500
2,6,1756,422.0,1,2,204000
25,5,1228,271.0,3,1,149350
21,5,1008,275.0,2,1,137000
16,7,2031,541.0,1,2,222500
15,6,1504,440.0,1,2,166000
23,4,1383,498.0,3,1,122000
18,5,967,180.0,3,1,99900
8,8,1656,826.0,2,1,249700
4,6,1152,300.0,3,1,158500
2,6,1403,470.0,3,1,202000
21,5,1712,588.0,1,1,145000
25,4,1258,400.0,3,1,108959
2,5,1687,572.0,3,1,160000
21,5,1560,484.0,3,1,128600
11,7,1935,550.0,2,2,197900
11,7,1083,596.0,2,1,172000
16,5,907,308.0,2,1,130000
2,6,1675,435.0,2,1,195000
27,5,988,520.0,2,1,113000
27,8,1491,490.0,2,1,209000
2,7,1479,578.0,1,1,213500
21,5,1112,480.0,3,1,126000
23,6,1689,480.0,3,1,127500
3,9,1710,557.0,2,1,334000
21,6,1253,352.0,2,1,157000
21,5,864,294.0,3,1,125500
16,7,1456,410.0,1,2,189000
27,7,1217,497.0,3,1,173000
1,7,2646,550.0,2,1,260000
16,8,1768,578.0,2,2,212000
16,5,914,576.0,3,1,148000
21,6,1775,480.0,3,1,136300
25,5,2620,600.0,2,1,190000
18,5,1627,420.0,3,2,139500
15,7,1320,400.0,1,2,162000
22,4,1123,264.0,3,1,100000
27,5,874,288.0,2,1,126500
10,7,2730,576.0,1,2,301000
16,6,1786,684.0,2,2,204750
21,4,1040,420.0,3,1,90000
18,5,2350,393.0,3,2,130000
21,5,1770,530.0,2,2,155000
21,5,1269,308.0,3,1,155000
25,5,1039,504.0,3,1,131500
21,6,1520,364.0,2,1,153000
5,8,1704,772.0,2,1,306000
5,9,1686,899.0,1,1,332200
2,8,1646,800.0,2,1,293077
21,4,914,270.0,3,1,128000
18,6,1616,216.0,3,1,152000
18,6,2210,205.0,3,2,117500
18,6,1296,576.0,3,1,127500
1,8,2497,676.0,2,1,373000
4,7,1652,473.0,2,1,203135
16,7,1716,512.0,2,2,191000
21,5,1014,267.0,2,1,98000
8,8,1432,492.0,1,1,245000
11,7,1680,583.0,1,1,213250
18,4,869,390.0,3,1,89900
15,7,1718,427.0,1,2,185000
26,6,1092,264.0,3,2,113500
21,3,715,660.0,3,1,68000
27,7,1560,573.0,1,1,201000
8,7,1768,603.0,2,2,226700
5,10,2290,1174.0,1,1,500067
15,7,1598,433.0,1,2,201490
16,5,990,528.0,3,1,155000
21,5,941,564.0,3,1,145000
17,6,1362,502.0,1,2,128000
15,6,1690,442.0,2,2,187000
23,6,1072,525.0,1,1,145500
22,4,572,200.0,3,1,75000
16,7,1546,796.0,2,1,217000
2,7,1346,660.0,1,1,220000
11,6,1790,484.0,2,2,165150
16,6,1026,576.0,3,1,147000
16,7,1504,478.0,1,1,203000
21,5,1700,447.0,2,1,165500
21,6,1851,440.0,2,2,187000
8,6,1512,440.0,3,2,180000
4,6,1298,240.0,3,1,146500
16,7,1673,583.0,2,1,270000
10,6,996,564.0,3,1,147000
21,6,1224,280.0,3,1,132000
18,4,1374,338.0,1,1,105000
3,8,3279,841.0,1,2,538000
5,9,1652,840.0,1,1,325000
25,5,1054,240.0,3,1,124000
25,5,935,288.0,3,1,137000
18,4,2377,528.0,3,1,142900
18,5,1122,528.0,3,1,147000
21,5,1180,477.0,2,1,128000
18,7,1690,225.0,3,2,144000
5,8,1370,484.0,2,1,205000
23,5,1486,480.0,1,1,167000
18,5,1131,200.0,3,1,66500
6,8,2799,704.0,1,2,315000
16,7,1456,440.0,1,2,155835
3,8,1734,528.0,2,1,239500
5,9,1531,700.0,1,1,300000
2,8,1922,692.0,1,1,282000
21,5,1144,336.0,2,1,120000
19,7,1363,439.0,3,1,241500
5,9,1866,870.0,1,1,336860
22,3,1077,210.0,3,1,91000
8,8,1550,528.0,1,1,207500
4,7,1646,482.0,1,1,250000
13,7,1248,438.0,1,1,167240
8,7,1245,495.0,2,1,178000
11,6,1052,311.0,1,1,127000
11,6,1829,535.0,2,1,218500
21,4,952,283.0,3,1,135750
21,7,1480,620.0,2,1,214000
10,8,1844,620.0,1,1,257000
17,6,1497,672.0,3,1,157000
22,5,976,215.0,3,1,102000
4,5,964,432.0,3,1,163500
16,7,1501,577.0,2,1,204000
23,5,1560,313.0,3,1,103500
24,5,864,399.0,3,1,118000
16,7,1525,541.0,2,1,235000
21,5,1190,540.0,3,1,132500
8,8,1830,859.0,2,2,221300
16,7,1500,570.0,2,1,190000
16,7,1762,591.0,1,2,222000
4,7,1902,567.0,1,1,335000
8,8,1658,726.0,1,1,257500
8,9,1506,592.0,1,1,264132
25,5,899,288.0,1,1,130000
17,5,1654,336.0,3,1,137000
22,5,912,360.0,2,1,99500
25,5,1373,591.0,1,1,160250
23,7,1709,380.0,3,2,130000
22,5,816,100.0,3,1,75200
27,6,1091,429.0,1,1,131250
21,6,1081,401.0,3,1,148000
25,5,1020,288.0,3,1,124100
21,7,999,588.0,2,1,178400
16,7,1753,534.0,2,2,217000
8,8,1964,760.0,1,2,252000
10,7,1141,484.0,2,1,152000
17,7,854,576.0,3,1,132000
18,6,1182,378.0,3,1,120000
5,9,2091,521.0,2,2,338500
21,4,985,676.0,3,1,105000
15,7,1446,406.0,3,2,175000
19,7,2022,505.0,1,2,192000
16,7,1948,434.0,1,2,195000
8,8,1590,676.0,2,2,210000
15,7,1948,434.0,1,2,211000
17,4,1324,240.0,3,1,128000
21,6,1425,576.0,2,1,180500
18,5,2337,560.0,3,2,90000
21,5,908,512.0,3,1,138500
15,7,1492,440.0,1,2,169985
21,5,1150,288.0,2,1,146000
10,7,2097,678.0,3,2,228000
21,5,1256,311.0,2,1,159000
8,8,1939,1053.0,2,2,266000
18,5,1566,450.0,3,1,139000
16,8,1500,674.0,2,1,212999
5,9,1850,772.0,1,1,326000
15,6,1515,393.0,1,2,179000
2,8,1537,788.0,1,1,294000
26,6,987,288.0,3,2,97000
16,7,1962,868.0,2,2,239799
21,5,1433,441.0,3,1,161000
16,6,848,420.0,1,1,136500
26,6,987,264.0,3,2,118000
27,4,845,360.0,3,1,129500
17,7,1548,672.0,3,1,205000
4,6,2515,484.0,2,1,200624
5,8,1694,856.0,2,1,322400
16,8,1602,810.0,2,1,293200
5,9,1684,564.0,2,1,266000
25,6,1683,440.0,2,2,172500
18,5,1869,456.0,3,1,124900
17,6,1432,216.0,3,1,149000
16,7,1414,494.0,2,1,185500
16,8,1358,418.0,3,1,220000
8,8,1496,474.0,1,1,225000
21,6,932,306.0,3,1,124000
21,3,1040,400.0,3,1,92900
17,5,1072,1184.0,3,1,126500
21,4,864,576.0,3,1,111250
6,8,2285,648.0,1,2,248000
21,5,1117,264.0,3,1,136870
16,6,848,420.0,1,1,133000
21,5,1048,286.0,3,1,135000
21,4,936,288.0,3,1,111900
21,5,1283,506.0,3,1,140000
19,4,1588,680.0,1,1,134432
3,10,2042,724.0,1,1,455000
6,8,2526,844.0,2,2,290000
16,7,1873,597.0,2,2,235500
18,6,1416,400.0,3,1,156500
15,6,1664,460.0,2,2,172400
8,7,1428,480.0,1,1,182000
5,9,1792,925.0,2,1,372397
10,6,2814,614.0,1,2,260000
11,6,2119,583.0,2,1,158000
17,5,1285,240.0,3,1,127000
10,7,1433,528.0,2,1,270000
10,8,2132,612.0,1,1,316600
23,6,1357,312.0,2,1,177000
10,7,2196,701.0,2,1,271900
28,5,1304,336.0,1,2,115000
4,8,2726,691.0,1,1,315000
16,7,1797,639.0,2,2,213500
21,5,1040,625.0,3,1,109500
18,5,789,250.0,3,1,115000
8,7,1143,588.0,2,1,176400
11,6,1489,462.0,2,1,185750
16,8,1852,660.0,1,2,230000
27,5,768,624.0,3,1,129500
21,6,1124,353.0,1,1,153000
8,6,1224,528.0,2,2,173733
21,6,1556,470.0,3,1,172500
27,6,1356,528.0,1,1,188000
1,6,1262,460.0,2,1,181500
16,7,1661,550.0,2,2,212000
11,7,1857,482.0,2,2,188900
19,6,1981,522.0,1,2,230000
23,5,1351,576.0,3,1,122000
21,5,1005,319.0,3,1,133500
18,6,2792,520.0,3,1,256000
28,5,1475,336.0,3,2,129500
16,8,1978,850.0,2,1,318000
5,8,1606,871.0,2,1,255900
5,8,1822,678.0,2,1,259000
4,6,2259,450.0,3,1,217000
17,6,1635,440.0,3,1,210000
21,5,1002,902.0,3,1,148500
15,6,1412,432.0,1,2,156932
21,5,1728,576.0,3,1,145000
16,7,1290,662.0,2,1,200000
5,10,2046,878.0,1,1,450000
8,6,1471,440.0,3,2,172500
11,6,2614,624.0,2,2,240000
8,8,2466,610.0,2,2,340000
2,8,1466,610.0,1,1,201000
16,5,969,440.0,3,1,122000
11,7,1664,663.0,1,1,213000
21,6,1691,550.0,3,1,175000
16,7,1208,628.0,2,1,195400
25,5,1052,668.0,1,1,113500
17,6,1577,312.0,3,1,140200
25,5,909,294.0,3,1,116000
2,9,1838,682.0,1,1,359900
16,6,1388,317.0,3,2,157500
19,5,1867,303.0,1,1,190000
17,5,1301,440.0,3,1,100000
21,6,1251,461.0,2,1,160000
16,7,1444,577.0,2,1,203000
6,8,2810,750.0,2,2,302000
10,6,923,264.0,2,1,143000
16,8,2452,683.0,1,2,267000
21,4,1224,530.0,3,1,103000
27,6,1337,405.0,1,1,153500
25,5,1701,611.0,1,1,171000
23,4,1669,288.0,3,1,107000
21,6,952,288.0,3,1,128500
21,5,922,308.0,3,1,116000
27,5,1126,484.0,2,1,160000
3,8,1280,506.0,2,1,180000
21,5,914,368.0,2,1,133000
27,7,1368,784.0,1,1,215000
4,6,1494,213.0,3,2,177500
8,8,1534,484.0,1,1,215000
17,5,1582,250.0,3,1,150000
10,7,3222,594.0,3,2,320000
21,6,1516,472.0,2,1,167000
23,5,1032,260.0,3,1,125000
16,7,1316,440.0,1,1,200141
8,7,1528,480.0,3,1,235876
22,5,2168,576.0,3,2,123000
25,5,1422,288.0,3,1,137500
21,6,1324,440.0,2,1,160000
15,6,1690,463.0,2,2,181000
18,5,825,720.0,2,1,125000
11,6,1556,441.0,3,2,154000
27,6,1797,616.0,1,2,231000
21,5,1056,304.0,3,1,142000
18,10,3608,840.0,3,2,475000
4,8,1778,495.0,1,1,375000
8,7,1221,400.0,2,1,185000
23,6,865,216.0,3,1,108500
8,7,1223,480.0,2,2,147400
8,7,1452,506.0,3,2,156000
22,5,1308,400.0,3,1,120000
15,7,1374,400.0,1,1,167000
13,7,1504,437.0,1,1,191000
15,6,1384,390.0,1,1,161500
21,5,1411,310.0,2,1,130000
25,5,970,624.0,3,1,132500
25,5,904,912.0,3,1,144000
23,5,2233,579.0,1,2,141000
16,4,875,728.0,3,1,117000
19,4,1663,529.0,1,1,256000
21,5,925,429.0,3,1,117500
4,5,1308,256.0,3,1,160000
25,5,1375,323.0,3,1,187000
5,8,2385,818.0,1,2,350000
21,5,1792,480.0,3,2,133000
5,8,2464,650.0,1,1,417500
13,7,1569,660.0,2,1,175900
16,9,1680,1138.0,1,1,323262
16,7,1337,531.0,2,1,185000
21,6,816,240.0,3,1,129800
5,7,1541,532.0,2,1,220000
17,4,1573,240.0,3,1,133000
21,4,1461,384.0,3,1,133500
27,6,2048,776.0,3,1,170000
15,6,1642,392.0,2,2,168000
18,6,1470,624.0,3,2,140750
15,6,2299,482.0,1,2,204000
15,7,2035,434.0,1,2,222500
21,5,999,300.0,3,1,134500
8,8,1378,540.0,1,1,214000
18,5,1118,410.0,3,1,119900
21,5,1134,254.0,2,1,135000
17,6,1848,370.0,3,1,207000
24,6,1694,576.0,3,1,136500
18,4,901,281.0,3,1,107900
17,6,1409,528.0,3,1,126000
21,6,1656,528.0,1,1,215000
5,10,2332,846.0,1,2,426000
21,5,1113,264.0,3,1,147000
4,6,1232,440.0,3,1,147500
5,9,1950,706.0,1,1,383000
11,7,1872,604.0,1,1,241500
4,6,1264,400.0,3,1,147500
3,8,2500,683.0,1,2,355000
18,2,612,308.0,3,1,45000
19,7,2403,349.0,3,2,244400
21,6,1644,418.0,1,1,167000
16,7,1729,542.0,1,2,200000
24,5,879,180.0,3,1,80000
23,5,864,572.0,3,1,115000
21,6,1196,297.0,2,1,139000
25,6,1400,440.0,1,2,149500
23,4,1510,296.0,3,2,108000
16,7,1240,826.0,2,1,194000
25,5,988,624.0,3,1,129500
21,5,1560,792.0,3,1,126000
23,5,1368,195.0,2,1,120000
16,7,1484,606.0,2,1,213000
7,8,1226,484.0,1,1,190000
15,6,1169,402.0,1,1,183500
21,7,1651,276.0,3,1,172000
23,4,816,288.0,3,1,100000
16,7,1564,814.0,2,1,218836
18,6,1912,672.0,3,1,163000
15,7,1525,534.0,2,1,206580
16,6,1456,390.0,1,2,163990
22,5,1330,390.0,3,2,116500
15,7,1720,400.0,1,2,188000
21,5,1280,432.0,1,1,175000
3,8,1179,480.0,2,1,182000
18,5,960,576.0,2,1,103000
6,10,2633,804.0,2,1,466500
21,6,988,297.0,3,1,149500
12,7,1055,319.0,3,1,142500
4,5,1422,352.0,3,1,136500
20,6,1320,484.0,3,2,137000
11,7,1688,528.0,2,1,226500
15,7,1341,506.0,3,1,171500
16,5,954,576.0,3,1,132500
21,3,1040,400.0,3,1,87500
8,7,1789,546.0,1,2,223000
21,6,1537,462.0,2,1,174000
21,5,884,270.0,1,1,142000
8,8,1489,776.0,2,1,232600
11,6,1309,484.0,2,1,181000
28,6,2521,576.0,1,2,151400
5,8,1634,866.0,2,1,250000
11,7,1714,496.0,3,2,196500
18,7,2454,576.0,3,2,185000
11,6,1216,336.0,3,1,113000
3,8,1419,567.0,2,1,392000
8,6,1573,440.0,3,2,177000
8,6,2443,744.0,2,2,265000
8,8,2362,1105.0,2,2,312500
18,10,2775,880.0,3,2,325000
1,8,2014,864.0,2,1,275000
6,7,2520,721.0,2,2,290000
25,6,1494,461.0,1,1,169000
17,5,616,205.0,3,1,89000
15,6,1465,393.0,1,2,180400
5,8,1629,880.0,2,1,284000
21,5,912,275.0,2,1,114500
16,7,1552,782.0,2,1,212900
16,7,1430,605.0,2,1,187100
8,6,1458,440.0,3,2,176000
4,6,1488,552.0,2,1,215000
16,7,1582,520.0,2,2,185900
21,4,864,660.0,3,1,120500
15,5,1838,372.0,1,2,192140
27,5,816,264.0,3,1,130500
23,4,1529,240.0,3,1,98000
16,9,2276,1348.0,2,1,475000
22,5,1077,338.0,3,1,67000
5,8,2161,789.0,1,2,325624
27,7,1409,576.0,2,1,245000
10,5,1114,576.0,3,1,159000
21,5,1073,515.0,2,1,156000
5,10,2402,672.0,1,1,555000
1,6,1232,516.0,3,1,162500
10,6,1440,920.0,3,1,224500
15,6,1488,738.0,2,1,133000
15,7,1509,393.0,1,2,180000
27,5,845,264.0,3,1,134500
3,10,2945,641.0,1,2,438780
21,6,1431,296.0,2,1,165000
21,5,892,288.0,2,1,100000
21,7,1329,441.0,3,1,176000
25,5,1779,454.0,3,1,170000
13,7,1555,660.0,1,1,174000
22,6,1236,384.0,3,1,127000
15,7,1651,450.0,1,2,185900
18,5,886,273.0,3,1,91300
16,6,1700,544.0,2,1,200000
21,6,1846,315.0,3,1,143000
25,5,1920,451.0,3,1,172500
23,4,1088,520.0,3,1,110000
21,4,1362,768.0,2,1,140000
16,6,1314,440.0,2,1,176432
10,6,1294,496.0,2,1,179200
16,7,1274,508.0,2,1,203000
8,7,1689,954.0,2,1,248328
2,9,1641,885.0,1,1,316500
23,7,1079,249.0,3,1,125600
18,5,984,308.0,3,1,110000
18,4,960,308.0,3,1,108500
22,5,1044,504.0,3,1,55993
18,5,1633,240.0,3,1,129000
2,6,1137,551.0,3,1,176000
21,6,1380,364.0,3,1,154000
2,6,1256,578.0,3,1,180000
28,5,1142,528.0,1,1,134000
23,6,2158,576.0,3,1,243000
2,8,1629,808.0,1,1,270000
27,6,1080,484.0,3,1,134000
6,7,2646,656.0,2,2,260000
16,7,1491,484.0,2,2,168675
15,6,1694,398.0,1,1,160000
16,6,1422,440.0,1,2,173000
8,7,1301,572.0,2,1,187750
11,7,2093,542.0,1,2,215000
25,5,1073,270.0,2,1,120000
8,7,1506,672.0,2,1,249000
11,7,1334,477.0,2,1,164500
14,7,1295,312.0,2,1,230000
18,7,1344,456.0,3,2,140000
21,5,732,240.0,3,1,118900
16,8,1468,904.0,2,1,239900
12,6,1069,440.0,2,1,146300
28,5,1040,499.0,3,1,124000
25,5,999,308.0,3,1,130000
10,7,1349,539.0,3,1,179000
15,7,1442,500.0,2,1,180500
18,4,747,220.0,3,1,80000
8,8,1578,840.0,1,1,287090
18,5,882,308.0,3,1,97000
13,7,1511,398.0,1,1,246990
15,6,1128,480.0,3,1,154204
21,7,1312,495.0,2,1,186000
26,5,1302,264.0,3,2,111750
5,9,2696,958.0,1,1,500000
16,7,1356,484.0,1,2,177439
5,9,2184,836.0,1,2,335000
11,7,1964,483.0,2,2,205000
3,8,1321,484.0,2,1,212000
4,8,1646,525.0,1,1,246000
11,7,1260,598.0,3,1,181900
18,5,1316,484.0,3,1,130000
18,5,1432,360.0,3,2,132000
10,7,1958,499.0,2,2,220000
16,8,1788,522.0,2,1,236500
8,8,1935,552.0,1,2,263435
22,6,1969,400.0,3,1,141000
15,7,1986,434.0,1,2,213000
2,7,1214,520.0,2,1,179781
5,8,1342,550.0,1,1,234250
2,8,2898,665.0,1,1,287000
15,8,2004,644.0,1,2,257500
17,6,986,180.0,3,1,102000
22,7,1108,280.0,3,1,139400
18,3,1214,936.0,3,1,105000
21,8,2217,621.0,3,1,268000
23,6,2201,432.0,3,1,274970
13,7,1220,397.0,1,1,180000
18,7,1378,360.0,3,2,161000
23,4,930,308.0,3,1,84900
21,5,988,264.0,3,1,119000
2,8,1964,892.0,1,1,370000
16,7,1270,524.0,2,1,175900
10,5,2240,528.0,3,2,142953
1,8,1494,478.0,1,1,279700
21,5,1364,331.0,2,1,132000
16,9,2153,736.0,1,2,313000
22,4,1336,570.0,3,1,108000
23,7,1656,397.0,1,2,165400
16,6,1499,473.0,2,2,187000
6,8,2794,810.0,1,2,403000
11,6,2030,551.0,1,2,195000
21,6,1254,525.0,2,1,158500
16,8,1989,586.0,1,2,255000
4,5,1898,484.0,3,1,236500
21,5,988,360.0,3,1,129250
4,7,1801,484.0,1,1,289000
27,5,1872,484.0,3,2,100000
16,8,2439,560.0,1,2,275000
16,8,1764,560.0,3,2,207000
21,5,1200,884.0,3,1,146000
26,6,1030,264.0,3,2,116000
16,7,2034,645.0,2,2,219500
5,7,1405,478.0,2,1,173000
23,4,1229,284.0,2,1,135000
16,7,1932,610.0,2,2,213000
25,6,1299,494.0,3,1,150000
13,7,1402,648.0,1,1,194201
13,7,1504,457.0,1,1,181000
21,6,1442,301.0,2,1,157900
16,7,1779,586.0,1,2,217000
8,8,1953,1043.0,2,2,252000
16,7,1909,529.0,2,2,197000
15,7,1630,436.0,1,2,189500
23,5,1250,280.0,3,1,116000
11,6,1328,528.0,3,1,143000
21,5,988,276.0,3,1,119000
21,6,1278,240.0,3,1,127500
8,6,1716,615.0,2,2,200825
23,2,498,216.0,3,1,35000
11,7,2840,1314.0,1,2,292500
26,6,987,280.0,3,2,106000
25,4,756,440.0,3,1,85000
5,8,1712,701.0,2,1,286500
12,6,1069,440.0,2,1,127500
8,7,1335,575.0,2,1,210400
5,8,1518,588.0,2,1,274000
2,8,1780,612.0,1,2,264966
22,4,1484,264.0,3,1,50000
18,5,1652,416.0,3,1,139000
1,7,2503,564.0,2,2,300000
21,8,2704,538.0,1,1,345000
16,8,1592,484.0,1,1,228000
15,7,1394,400.0,1,1,165500
18,4,1328,210.0,3,2,107000
3,8,1593,682.0,1,1,286000
21,5,912,288.0,3,1,115000
13,8,1456,400.0,1,1,215000
18,7,1944,216.0,3,2,179900
3,8,1502,528.0,2,1,212000
15,8,2064,527.0,1,2,250000
17,5,1576,225.0,3,1,149000
15,6,1658,431.0,1,2,188000
18,3,713,371.0,3,1,99800
18,7,2554,704.0,3,2,159500
15,7,1374,400.0,1,1,184500
16,8,2574,868.0,1,2,276000
12,6,1548,440.0,3,2,155000
27,5,1404,504.0,3,1,160000
21,5,1440,480.0,1,2,157500
27,8,1803,482.0,3,1,285000
10,7,2037,472.0,1,1,229000
17,4,896,280.0,3,1,79000
18,4,1281,580.0,3,1,128500
6,8,1976,885.0,1,2,286000
15,6,1608,470.0,1,2,189500
21,5,1210,616.0,1,1,102900
17,5,1612,363.0,3,1,128500
21,5,1728,371.0,3,1,156000
2,8,2482,642.0,1,2,281213
21,7,2069,505.0,2,1,242000
21,6,1478,498.0,3,1,157500
23,7,1724,616.0,1,2,196500
16,7,1425,591.0,2,1,193000
17,5,1322,280.0,3,1,132000
18,7,1428,576.0,1,2,139900
21,6,1194,312.0,2,1,148000
5,8,1818,774.0,1,2,281500
5,8,2956,916.0,2,2,342000
27,6,1210,528.0,3,1,148000
25,5,1641,490.0,3,1,140000
21,5,1053,750.0,2,1,150000
6,7,2125,576.0,2,2,279500
23,6,1072,525.0,1,1,140000
27,6,1664,616.0,3,1,145000
21,7,1337,511.0,1,1,184000
7,8,1226,484.0,1,1,206000
28,4,1092,253.0,3,2,85500
4,6,1660,240.0,3,2,188700
11,6,1671,484.0,2,1,200000
10,7,1061,462.0,3,1,162000
25,5,672,240.0,3,1,108000
11,5,1621,478.0,2,1,213000
5,8,1734,928.0,2,1,318000
18,5,2138,360.0,3,2,106000
23,6,2009,795.0,3,2,235000
21,6,1362,504.0,3,1,163000
23,5,1134,240.0,3,1,126000
18,7,2082,484.0,3,1,200000
21,5,1524,315.0,3,1,144000
6,8,2582,758.0,1,2,322500
16,7,1661,598.0,2,1,224900
17,5,1576,528.0,2,2,223500
23,4,960,288.0,3,1,112000
15,6,1604,470.0,1,2,187500
23,6,1196,528.0,3,1,110000
5,6,1362,460.0,2,1,207000
25,4,1296,516.0,3,1,90000
27,5,1287,440.0,3,2,130000
17,5,1252,576.0,3,1,127000
8,9,1905,788.0,1,1,320000
18,5,1130,720.0,3,1,120000
10,7,1659,484.0,2,2,181000
23,4,894,400.0,3,1,110000
27,5,1008,678.0,1,1,153500
23,3,1733,452.0,3,1,139600
21,5,1568,440.0,3,1,143000
6,8,3238,666.0,1,1,410000
16,6,1772,492.0,2,2,200000
21,5,864,312.0,1,1,130000
23,6,1639,240.0,3,2,154400
11,8,2715,831.0,1,2,299800
23,5,1112,226.0,3,1,63000
18,5,1347,551.0,3,1,143000
21,5,964,784.0,1,1,137500
11,6,2872,619.0,1,2,272000
15,6,1167,400.0,2,1,173000
19,7,1524,478.0,1,1,245000
18,5,936,672.0,3,1,140000
16,7,2696,792.0,1,2,383970
23,4,1482,609.0,3,1,125000
16,5,768,396.0,3,1,133000
8,8,1468,898.0,1,1,244600
21,5,1044,372.0,1,1,139000
21,5,1036,312.0,2,1,112900
18,5,1360,330.0,3,2,111000
21,6,1392,458.0,2,1,166000
8,7,1950,576.0,2,2,239000
27,7,1344,784.0,1,1,209200
11,5,1484,487.0,3,1,175000
5,7,1760,583.0,1,1,269500
15,7,2322,400.0,1,2,225000
3,8,1742,564.0,2,1,275000
21,5,1376,240.0,3,1,105000
21,5,1086,484.0,2,1,159950
18,5,1656,180.0,3,1,135000
5,8,2122,938.0,1,1,345474
4,7,1696,625.0,1,1,198000
8,8,2078,836.0,1,2,339750
18,5,1466,566.0,3,1,170000
21,5,876,576.0,3,1,94000
16,7,1737,578.0,2,2,203160
8,7,1662,711.0,2,1,291000
15,6,2267,390.0,2,2,200000
21,5,1584,506.0,3,1,119000
8,7,1812,469.0,2,2,205000
26,6,1092,264.0,3,2,108000
27,5,1632,576.0,3,1,143000
24,7,3082,672.0,1,2,197000
8,7,1665,562.0,2,2,205950
11,6,1743,539.0,3,2,175000
8,8,2048,552.0,3,2,301000
5,7,1314,626.0,2,1,230000
5,7,1405,478.0,2,1,171750
17,5,1324,180.0,3,1,110000
23,6,1074,467.0,3,1,144500
21,5,1422,576.0,3,1,155000
18,6,1200,312.0,3,1,125000
18,7,1690,624.0,3,2,156500
25,6,1212,492.0,3,1,151000
21,6,1105,308.0,3,1,135000
28,4,1092,253.0,3,2,79400
5,6,1358,484.0,2,1,213000
2,8,1908,431.0,1,2,202900
16,6,1796,546.0,2,2,211000
24,6,1608,216.0,3,1,137450
25,4,1620,490.0,3,1,150000
23,5,1111,200.0,3,1,95000
8,7,1501,440.0,3,2,179400
8,5,1588,561.0,3,2,212109
21,5,1235,480.0,3,1,98600
23,5,1325,576.0,3,1,216000
6,8,2234,768.0,2,2,300000
19,7,2260,533.0,2,2,328000
21,5,1109,288.0,3,1,139000
19,5,1000,575.0,3,1,164000
9,6,1045,462.0,3,2,123900
21,6,1337,522.0,1,1,177000
22,4,1315,436.0,2,1,99500
15,6,1326,427.0,1,1,174190
8,7,1200,480.0,2,2,151000
16,6,848,420.0,1,1,143750
27,5,796,336.0,3,1,131900
27,5,1432,531.0,1,2,157000
22,5,1344,468.0,3,2,147000
15,7,1432,432.0,1,2,188500
5,7,1364,484.0,2,1,185850
25,5,984,310.0,3,1,126000
21,5,864,308.0,3,1,118000
3,9,1612,556.0,1,1,319900
27,6,1003,588.0,3,1,142500
21,5,1200,246.0,1,1,129900
5,7,1368,474.0,2,1,202500
25,5,1640,394.0,2,1,131000
16,6,1838,721.0,3,1,185000
12,6,1456,440.0,1,2,138000
18,6,1368,216.0,3,2,114504
23,6,1487,220.0,3,1,113000
22,4,1154,240.0,3,1,125500
25,5,1020,528.0,3,1,165000
18,5,1440,352.0,3,1,79000
8,6,1236,480.0,2,2,152000
17,6,1664,420.0,3,1,159000
21,4,1100,312.0,2,1,141000
21,6,1488,430.0,1,1,167000
17,5,1453,240.0,3,1,132000
10,7,1442,719.0,1,1,179900
25,5,900,280.0,3,1,122000
21,6,1045,264.0,2,1,127000
21,6,1419,543.0,1,1,190000
25,5,1452,572.0,3,1,158450
25,5,1464,480.0,2,1,175000
15,9,1746,758.0,1,1,377500
17,5,1536,480.0,3,1,138400
16,7,1734,660.0,1,1,260000
5,8,1976,908.0,2,1,440000
16,7,1212,573.0,2,1,178000
21,5,1052,288.0,2,1,138500
25,5,1057,576.0,1,1,132000
23,6,1609,305.0,3,1,149900
17,7,1668,252.0,3,1,108000
16,5,924,280.0,3,1,110000
9,6,1229,462.0,1,2,124000
8,7,1352,466.0,2,1,194000
25,5,948,300.0,3,1,108000
25,5,864,440.0,3,1,122000
19,7,1700,450.0,1,1,148400
23,5,1276,350.0,3,1,60000
10,7,1626,534.0,2,1,226500
22,2,480,308.0,3,1,35311
27,5,889,484.0,3,1,137500
23,6,1117,542.0,2,1,147000
5,8,2452,691.0,1,2,309000
4,7,2365,551.0,1,1,315000
21,5,912,576.0,3,1,147000
13,8,1567,648.0,1,1,264561
21,5,1360,572.0,3,1,130000
8,6,1525,440.0,3,2,177000
24,7,1073,246.0,3,1,157000
25,5,1159,336.0,3,1,158000
21,4,1540,352.0,3,1,115000
25,5,894,308.0,3,1,120750
8,7,1674,663.0,2,2,216000
28,4,1092,286.0,3,2,75000
1,6,1430,484.0,3,1,192000
25,6,1040,616.0,3,1,160500
16,7,1494,840.0,2,1,279500
25,5,1075,440.0,3,1,148000
25,5,992,294.0,2,1,145000
6,8,2520,796.0,2,2,310000
21,6,1146,294.0,3,1,165000
6,8,2448,711.0,2,2,402000
8,7,1958,936.0,1,2,250000
5,9,1565,556.0,2,1,282500
8,8,1595,880.0,2,1,221500
4,4,1680,628.0,3,1,170000
21,6,1040,480.0,2,1,163000
6,8,2531,752.0,2,2,290000
6,8,2538,933.0,2,2,330000
26,6,987,264.0,3,2,111000
16,6,1755,530.0,2,2,214000
21,5,1152,636.0,3,1,137500
8,7,1884,581.0,2,2,240900
6,7,1923,564.0,2,2,190000
16,7,1611,1231.0,2,1,250000
1,5,1437,528.0,2,1,218000
11,7,2075,473.0,3,2,255000
15,7,1670,690.0,2,1,240000
16,8,2140,894.0,1,1,360000
21,5,1265,502.0,2,1,179900
2,8,1312,471.0,3,1,180500
10,7,2787,820.0,1,2,269500
15,7,1733,433.0,1,2,225000
22,6,1215,720.0,1,1,141000
5,9,1743,927.0,2,1,335000
16,5,1026,308.0,3,1,150000
1,9,1842,894.0,1,1,385000
21,7,1986,486.0,3,2,205000
16,7,1208,632.0,2,1,206000
16,7,1422,626.0,2,1,179600
23,4,1220,396.0,3,1,102000
11,5,1126,540.0,2,1,175000
21,5,1384,896.0,3,1,159000
23,6,1127,480.0,3,1,135000
23,6,1855,325.0,3,1,136900
25,5,1236,288.0,3,1,135000
6,8,2365,856.0,2,2,337000
11,6,2654,619.0,3,2,250000
11,8,2340,787.0,2,2,306000
8,7,1392,540.0,3,2,146000
22,6,2180,720.0,3,1,161000
11,6,1610,480.0,2,1,205000
2,7,1501,512.0,1,1,241500
25,4,1029,261.0,3,1,118500
19,5,1352,288.0,3,1,130000
18,5,1072,379.0,3,1,130000
3,10,2698,736.0,2,2,535000
25,5,912,252.0,3,1,123000
18,7,1450,288.0,3,2,132000
18,5,1073,326.0,3,1,108480
25,5,1458,512.0,3,1,165000
10,7,1486,566.0,2,1,181000
25,5,1774,384.0,3,1,165000
27,5,1479,275.0,1,1,161000
8,8,1504,510.0,1,1,199000
2,7,1894,510.0,1,2,214900
8,8,1278,584.0,2,1,198600
6,8,2263,420.0,1,2,258000
10,7,2787,820.0,1,2,269500
15,7,1414,403.0,1,2,176000
21,6,1302,309.0,2,1,158000
15,8,1419,527.0,1,1,184100
11,6,1220,944.0,3,1,170000
4,6,1982,501.0,1,1,208000
16,6,848,420.0,1,1,140000
4,8,1648,482.0,1,1,230000
3,8,1337,462.0,2,1,188500
4,5,1717,410.0,3,1,194000
21,5,1104,384.0,2,1,133000
16,5,907,343.0,3,1,140000
16,7,1652,532.0,2,2,207500
11,6,2640,515.0,2,2,256900
18,5,1034,240.0,3,1,109000
10,5,1513,400.0,3,1,113722
16,8,1498,844.0,1,1,237000
21,5,1053,692.0,2,1,142100
21,6,1293,452.0,2,1,149900
5,9,2020,896.0,2,1,404000
21,7,2448,441.0,2,2,277500
10,6,1732,476.0,1,2,178000
5,8,1324,550.0,1,1,254000
18,2,832,780.0,3,1,12789
15,7,1253,402.0,1,1,176000
5,9,2596,840.0,2,2,342643
25,5,902,288.0,3,1,125500
2,6,1495,438.0,3,1,150000
8,8,1584,594.0,1,1,261329
21,4,1647,280.0,1,1,153000
13,7,1258,648.0,1,1,172500
17,6,1396,384.0,3,2,153575
22,5,1001,216.0,3,1,124900
5,9,2121,732.0,1,1,415298
18,6,1480,207.0,3,1,119000
8,8,1588,825.0,2,1,227000
21,5,1053,312.0,2,1,145500
18,3,492,200.0,3,1,61500
21,7,1851,506.0,1,1,192100
22,6,1403,308.0,3,2,116000
21,6,1138,264.0,2,1,145000
5,9,2452,886.0,1,1,445000
16,5,1040,484.0,3,1,150500
15,6,1655,440.0,1,2,175900
11,6,1116,528.0,2,1,167900
15,7,1863,660.0,1,2,219210
10,6,1845,462.0,2,2,189000
21,5,1176,292.0,2,1,136500
25,5,892,416.0,3,1,137900
18,5,1022,280.0,3,1,85000
21,5,2136,528.0,3,1,137900
15,6,1604,472.0,1,2,195500
24,6,1647,216.0,3,2,128000
25,5,864,420.0,3,1,135000
16,5,1076,576.0,3,1,143195
17,5,935,308.0,3,1,79500
10,7,1663,478.0,2,2,192500
18,5,1328,308.0,3,1,129500
15,6,1572,373.0,1,2,168000
17,6,1342,240.0,3,1,105000
21,6,981,576.0,3,1,143250
16,5,1099,352.0,3,1,144000
10,7,2110,463.0,2,2,205000
27,6,1026,528.0,3,1,143000
8,9,1419,588.0,1,1,290000
5,9,2364,820.0,1,1,611657
16,5,1040,576.0,3,1,152000
3,8,1280,506.0,2,1,191500
5,8,2473,852.0,2,2,317000
25,7,1302,224.0,3,1,165250
23,5,1092,264.0,3,1,123000
25,6,1188,621.0,3,1,185000
21,7,1045,528.0,3,1,120000
11,6,1093,484.0,2,1,158500
10,6,1640,520.0,2,2,173000
21,4,1224,462.0,3,1,101800
24,7,1135,576.0,2,2,155000
18,5,1078,264.0,3,1,125000
18,4,968,331.0,3,1,104500
5,9,2224,738.0,1,2,350000
21,3,1040,400.0,3,1,93500
16,7,1790,588.0,2,2,193000
4,6,2555,672.0,1,2,191000
18,6,813,270.0,3,1,110000
16,8,1872,531.0,2,2,261500
21,5,1050,338.0,3,1,128900
6,9,3500,959.0,2,2,584500
23,4,948,248.0,3,1,111000
17,5,1316,576.0,3,1,90000
21,6,2380,596.0,3,2,129000
4,6,1640,924.0,3,1,224000
8,6,1200,480.0,2,2,165000
18,6,1324,180.0,3,2,122000
2,8,1564,502.0,2,1,267300
5,9,3140,820.0,1,2,485000
18,6,2486,576.0,3,1,220000
16,6,1771,600.0,2,2,215700
5,8,1836,862.0,1,1,280000
5,8,1575,732.0,1,1,284000
21,6,1395,440.0,2,1,192000
18,7,1004,200.0,3,2,105000
16,7,1836,484.0,1,1,216837
21,5,1496,450.0,2,1,141500
25,5,894,450.0,2,1,130000
21,5,1008,280.0,2,1,139500
23,4,864,528.0,3,1,79275
2,8,1484,472.0,2,1,265900
24,6,790,160.0,3,1,91000
15,5,1934,567.0,3,2,185000
21,5,1150,300.0,2,1,141000
5,8,2152,728.0,3,2,260116
23,4,672,234.0,3,1,113000
10,8,1511,811.0,1,1,225000
21,5,793,240.0,3,1,113000
23,6,1096,352.0,3,1,125200
5,8,2100,786.0,1,2,319500
21,5,1558,288.0,3,1,140000
2,6,1650,518.0,3,1,250764
5,8,2088,656.0,1,2,250000
15,6,1536,400.0,1,2,176000
21,6,1721,464.0,3,1,174850
12,6,1548,440.0,3,2,147000
10,6,918,264.0,3,1,99500
5,9,2690,864.0,2,2,398800
15,6,1647,460.0,2,2,175000
21,5,825,350.0,3,1,109500
21,6,1657,484.0,3,1,163500
6,8,2826,888.0,2,2,334000
25,5,864,280.0,3,1,137250
15,7,2462,576.0,2,2,320000
21,5,1287,576.0,1,1,162000
8,7,1478,484.0,1,1,222000
15,7,1342,393.0,1,2,178000
18,5,804,240.0,3,1,119000
21,5,1812,264.0,2,2,169500
15,7,2256,554.0,1,2,236000
4,8,1648,525.0,1,1,294464
21,6,2112,576.0,3,2,206900
10,7,2084,618.0,2,2,233000
18,6,1032,280.0,3,1,108000
15,6,1470,420.0,1,2,165000
16,5,1040,748.0,3,1,134900
17,5,884,240.0,3,1,113000
16,5,1097,242.0,3,1,147900
12,6,1456,460.0,2,2,143000
17,6,1176,528.0,3,1,114500
25,5,941,288.0,3,1,129200
4,8,1652,482.0,1,1,392500
4,7,2340,252.0,2,2,266500
15,7,1382,396.0,1,1,177500
27,5,1008,384.0,3,1,139500
16,6,1396,440.0,1,2,170000
21,6,2154,539.0,2,2,224500
5,8,2400,730.0,1,2,290000
22,7,1818,240.0,3,1,169500
27,7,1710,550.0,1,1,240000
21,5,1150,288.0,1,1,144000
21,6,1977,540.0,2,2,165000
10,6,1332,542.0,2,1,145000
23,5,1298,504.0,3,1,114000
5,8,1973,895.0,1,1,395000
26,6,1092,440.0,3,2,105500
27,8,1916,741.0,3,2,254900
21,5,1238,357.0,3,1,102000
16,7,1840,622.0,2,2,230000
17,5,1513,180.0,3,2,137500
17,5,1143,288.0,3,1,138000
10,6,1338,576.0,3,1,156500
21,4,864,463.0,3,1,124500
11,7,1969,534.0,2,2,190000
13,7,1266,388.0,1,1,159895
24,5,2601,621.0,2,2,189000
25,5,1392,528.0,3,1,121500
21,5,1824,484.0,3,1,146000
16,7,1823,626.0,2,2,235000
4,8,1646,525.0,1,1,300000
21,5,1728,576.0,3,1,142600
16,7,1573,544.0,2,1,227000
4,7,2480,400.0,3,2,205000
16,8,1341,482.0,2,1,246900
22,4,1361,185.0,3,2,89000
23,4,1120,480.0,3,1,64000
7,8,1226,484.0,1,1,170000
5,9,2822,1020.0,2,2,582933
18,6,1103,440.0,3,1,110500
23,6,1179,622.0,1,1,110000
5,7,2046,871.0,2,2,284000
21,6,1716,490.0,1,2,171000
10,7,1812,478.0,2,2,193000
27,5,1178,502.0,3,1,135000
4,7,1636,288.0,3,2,167000
18,4,864,528.0,2,1,105000
16,7,1588,472.0,2,1,214000
5,8,1914,746.0,2,2,279000
11,6,1875,485.0,2,1,184500
18,3,1183,308.0,3,1,120000
10,6,1730,528.0,2,2,171500
8,7,1250,528.0,2,2,164700
10,6,2559,506.0,2,2,209000
13,7,1548,388.0,1,1,225000
8,8,1670,928.0,2,1,336820
10,7,2062,454.0,1,2,277000
21,5,894,312.0,3,1,117600
21,6,1668,271.0,3,1,140000
16,9,1766,874.0,1,1,395039
15,6,1496,572.0,3,2,181755
10,7,1400,612.0,2,1,186800
21,5,2140,549.0,1,2,177500
18,4,968,216.0,3,1,64500
8,7,1488,506.0,1,1,260000
13,7,1266,388.0,1,1,185485
17,5,875,180.0,3,1,105000
1,6,1855,512.0,2,1,187000
11,7,1621,440.0,2,1,202500
5,7,1614,878.0,2,1,245700
10,6,1266,283.0,2,2,128000
5,8,2098,878.0,2,2,275500
15,7,1983,490.0,1,2,225000
21,5,1183,288.0,2,1,138000
26,6,1092,264.0,3,2,88000
5,9,2643,694.0,1,2,380000
8,8,1660,660.0,1,1,256000
21,5,900,576.0,3,1,134800
9,6,1229,462.0,1,2,121000
8,7,1761,578.0,1,2,227875
16,8,1694,776.0,2,1,245350
23,5,835,366.0,3,1,83000
19,6,1953,501.0,1,2,240000
18,5,1173,240.0,3,1,113000
21,6,1215,297.0,3,1,155000
25,6,912,288.0,3,1,142000
17,6,904,180.0,3,1,119000
27,6,1750,423.0,3,1,160000
15,6,1593,398.0,1,2,193000
6,8,2202,517.0,2,2,263000
16,7,1310,400.0,1,1,164990
23,4,948,280.0,3,1,119000
8,8,1448,692.0,2,1,238500
19,7,1533,576.0,3,1,280000
8,8,1565,476.0,1,1,193800
28,5,1060,572.0,3,1,129900
16,5,990,672.0,3,1,145000
16,8,1787,748.0,2,1,275000
21,3,1040,400.0,3,1,81400
23,5,1089,252.0,2,1,125000
18,4,861,288.0,3,1,80000
24,5,1296,260.0,3,1,104000
6,7,1720,527.0,1,1,260400
11,7,1479,484.0,2,2,176000
25,5,1040,264.0,2,1,123000
6,9,2172,687.0,2,2,291000
21,6,972,240.0,3,1,132000
15,6,1456,400.0,1,2,176000
21,5,1728,576.0,3,1,177625
23,5,1221,392.0,3,1,104900
16,7,1749,515.0,2,2,196000
5,9,1577,564.0,2,1,280000
15,7,1474,400.0,1,1,168500
15,6,1671,423.0,1,2,170000
27,3,2034,1041.0,2,1,130000
17,7,2009,400.0,3,1,150000
16,5,1100,462.0,2,1,145000
27,5,1728,560.0,3,1,188000
15,6,1600,460.0,1,2,169000
23,5,1125,430.0,3,1,155000
8,7,1391,530.0,2,1,196000
15,7,1995,435.0,1,2,219500
15,6,1456,390.0,1,2,170440
23,6,1426,440.0,1,2,159500
11,7,1682,530.0,3,1,174000
21,7,1277,526.0,3,1,167000
12,6,1456,440.0,3,2,148500
10,5,2228,720.0,3,2,147983
10,6,1217,288.0,2,2,120000
23,5,1090,450.0,1,1,157000
23,5,1456,280.0,3,1,91500
23,5,1214,461.0,3,1,140000
25,5,955,386.0,3,1,127000
8,6,1728,673.0,2,2,207500
23,6,3672,836.0,3,2,415000
4,6,1561,463.0,1,1,193000
15,6,1481,343.0,1,2,174000
21,7,1527,410.0,3,2,152500
16,7,1640,595.0,2,2,183000
23,5,1480,253.0,3,1,136500
16,7,1792,564.0,2,2,231500
23,5,1148,308.0,3,1,123500
23,5,1393,300.0,3,1,135500
23,6,1044,528.0,3,1,133500
21,5,1144,336.0,3,1,124000
6,8,1924,592.0,2,2,280000
6,9,2599,779.0,1,2,333168
15,8,2283,632.0,1,2,270000
21,6,1133,900.0,3,1,128500
10,6,1398,542.0,2,1,172000
25,5,810,576.0,3,1,130000
5,6,1306,624.0,2,1,196000
22,5,803,360.0,3,1,87000
17,5,1435,308.0,3,1,128250
11,6,2073,500.0,3,1,210000
4,6,1991,432.0,3,1,220000
25,4,1067,436.0,3,1,128000
18,5,1174,576.0,3,1,135000
27,4,1689,432.0,3,1,228500
17,6,1132,240.0,3,1,134000
21,6,1024,313.0,3,1,157500
6,8,2232,623.0,2,2,263550
11,6,1440,467.0,1,1,182900
4,6,1680,540.0,1,1,222000
18,5,1559,812.0,3,1,153500
5,9,1980,770.0,1,1,315000
6,8,2630,696.0,1,2,315000
8,8,1861,851.0,2,2,257000
27,4,1200,850.0,1,1,173000
15,5,2320,672.0,3,2,169000
5,8,2200,685.0,1,1,382500
16,8,1795,534.0,2,1,230000
21,5,1297,498.0,1,1,153000
21,5,1319,270.0,3,1,123000
16,7,1463,539.0,1,1,207000
18,7,3493,870.0,3,2,295000
10,5,1094,576.0,3,1,149000
15,6,1960,440.0,1,2,216500
17,5,808,308.0,3,1,112000
25,5,943,528.0,3,1,134500
13,7,1246,428.0,1,1,187687
22,4,1128,528.0,2,1,68400
21,6,951,480.0,3,1,143500
10,7,1644,569.0,1,1,275000
27,7,1959,766.0,3,1,171000
15,6,2054,390.0,2,2,244000
27,5,874,352.0,3,1,130000
8,8,1685,658.0,1,1,253000
9,8,1034,598.0,1,1,185000
15,6,1490,392.0,1,2,167800
5,8,1713,856.0,1,1,274900
11,7,1472,588.0,3,1,187500
8,7,1971,689.0,2,2,253000
28,4,988,297.0,2,1,105000
21,6,1576,368.0,1,1,174500
16,7,2049,467.0,3,2,210900
23,4,1531,209.0,3,1,127000
5,7,1358,484.0,2,1,207000
11,7,2050,529.0,2,2,154000
3,9,2338,1110.0,1,1,591587
18,5,2640,1008.0,2,1,180000
21,5,1584,792.0,3,1,124000
2,6,2237,440.0,1,2,204000
24,7,1477,216.0,3,1,145000
21,5,1510,517.0,2,1,178900
6,8,2392,870.0,1,2,348000
17,6,1716,672.0,3,1,162500
25,5,868,576.0,3,1,119900
15,7,1632,462.0,1,2,176500
17,5,1077,205.0,2,1,118000
21,5,773,240.0,3,1,110000
6,7,1839,486.0,1,2,221000
6,8,2450,1069.0,1,2,340000
17,7,2019,532.0,3,2,167500
8,8,1636,865.0,2,1,255000
15,7,1374,400.0,1,1,170000
23,5,1072,525.0,1,1,145000
21,6,1414,601.0,3,1,176500
8,8,1694,636.0,2,1,307000
16,7,1690,517.0,2,2,190550
11,7,2353,484.0,2,2,260000
12,7,1055,319.0,3,1,137500
25,6,1055,542.0,2,1,147000
25,5,1144,264.0,2,1,131400
5,8,2332,756.0,1,2,316000
2,5,1442,400.0,1,1,172500
4,5,1784,180.0,3,2,138887
23,6,2108,540.0,3,2,235000
21,5,894,308.0,3,1,109500
22,4,1430,370.0,3,1,107000
16,7,1776,474.0,2,2,192500
11,6,1602,529.0,1,1,215000
18,6,1650,468.0,3,1,144100
21,6,864,300.0,3,1,127500
10,7,2200,453.0,2,2,225000
5,8,1710,866.0,2,1,372402
25,5,912,352.0,3,1,144000
8,6,1501,440.0,3,2,176500
18,6,1310,398.0,3,1,112000
26,6,987,264.0,3,2,100000
28,4,1092,286.0,2,2,88000
11,5,1680,528.0,3,1,136905
21,4,874,576.0,3,1,97500
21,6,1252,528.0,3,1,142000
5,8,1828,876.0,2,2,250000
11,6,2495,660.0,3,2,243500
5,6,1306,624.0,2,1,184500
27,7,1478,506.0,3,1,210000
25,5,912,300.0,2,1,129000
22,2,540,200.0,3,1,82000
15,6,1604,470.0,1,2,181000
16,5,1536,400.0,1,2,167000
15,6,1671,472.0,1,2,173000
16,7,1611,572.0,2,2,195800
4,6,1844,540.0,2,1,223000
5,7,1367,484.0,2,1,192000
11,7,1725,550.0,2,1,197000
5,8,2389,672.0,1,2,298236
4,7,1718,264.0,3,2,238000
11,7,2156,508.0,2,1,262500
2,9,1978,920.0,1,1,425000
22,4,1178,384.0,2,1,102776
21,5,1078,500.0,1,1,149900
27,6,1285,473.0,3,1,190000
9,8,1191,531.0,3,1,162500
16,6,1494,576.0,2,1,217000
4,4,1180,252.0,3,1,137500
8,8,1795,782.0,1,2,270000
25,5,894,440.0,3,1,142500
21,6,1042,440.0,2,1,161000
19,7,2287,667.0,1,1,225000
5,9,2668,726.0,1,2,412500
17,6,1232,217.0,3,2,128000
10,6,1609,525.0,2,2,182000
5,8,1932,774.0,1,1,394617
2,8,1728,520.0,1,1,298751
23,4,861,539.0,3,1,82500
4,6,1913,342.0,3,1,177000
21,4,1200,294.0,3,1,144000
15,7,1804,442.0,1,2,189000
